{
   "autoStep": true,
   "stepLevelNum": false,
   "stepTerm": "Step",
   "stepTermPlural": "Steps",
   "activityTerm": "",
   "activityTermPlural": "",
   "title": "WebApp step test",
   "constraints": [],
   "nodes": [
      {
         "type": "WebAppNode",
         "identifier": "node_0.wa",
         "title": "webapp test geogebra",
         "hints": [],
         "ref": "node_0.wa",
         "previousWorkNodeIds": [],
         "links": [],
         "icons": [],
         "class": "webApp"
      },
      {
         "type": "WebAppNode",
         "identifier": "node_1.wa",
         "title": "webapp step test helloworld",
         "hints": [],
         "ref": "node_1.wa",
         "previousWorkNodeIds": [],
         "links": [],
         "icons": [],
         "class": "webApp"
      }
   ],
   "sequences": [
      {
         "type": "sequence",
         "identifier": "master",
         "title": "Master",
         "view": "normal",
         "refs": [
            "seq_1"
         ]
      },
      {
         "type": "sequence",
         "identifier": "seq_1",
         "title": "a1",
         "view": "normal",
         "refs": [
            "node_1.wa",
            "node_0.wa"
         ]
      }
   ],
   "startPoint": "master",
   "navMode": null,
   "theme": null,
   "globalTagMaps": []
}